<?xml version="1.0" encoding="UTF-8"?>

<mime-types>

  <!--
     !   Application primary type
     ! -->

  <mime-type name="application/andrew-inset">
    <ext>ez</ext>
  </mime-type>

  <mime-type name="application/java">
    <ext>class</ext>
    <magic offset="0" type="byte" value="cafebabe"/>
  </mime-type>

  <mime-type name="application/mac-binhex40"
             description="Macintosh BinHex 4 Compressed Archive">
    <ext>hqx</ext>
  </mime-type>

  <mime-type name="application/mac-compactpro">
    <ext>cpt</ext>
  </mime-type>

  <mime-type name="application/oda">
    <ext>oda</ext>
  </mime-type>

   <mime-type name="application/postscript"
             description="PostScript (PS)">
    <ext>ps</ext>
    <ext>ai</ext>
    <ext>eps</ext>
    <magic offset="0" value="%!"/>
    <magic offset="0" value="\004%!"/>
  </mime-type>

  <mime-type name="application/smil"
             description="SMIL Multimedia">
    <ext>smi</ext>
    <ext>smil</ext>
  </mime-type>

  <mime-type name="application/vnd.mif"
             description="FrameMaker Interchange Format">
    <ext>mif</ext>
    <magic offset="0" type="byte" value="3c4d494646696c6520"/>
  </mime-type>

  <mime-type name="application/vnd.ms-powerpoint">
    <ext>ppt</ext>
  </mime-type>

  <mime-type name="application/vnd.sun.xml.writer"
             description="OpenOffice.org Text Document">
    <ext>sxw</ext>
  </mime-type>

  <mime-type name="application/vnd.wap.wbxml">
    <ext>wbxml</ext>
  </mime-type>

  <mime-type name="application/vnd.wap.wmlc"
             description="Compiled WML Document">
    <ext>wmlc</ext>
  </mime-type>

  <mime-type name="application/vnd.wap.wmlscriptc"
             description="Compiled WML Script">
    <ext>wmlsc</ext>
  </mime-type>

  <mime-type name="application/xhtml+xml"
             description="Extensible HyperText Markup Language File">
    <ext>xhtml</ext>
    <ext>xht</ext>
  </mime-type>

  <mime-type name="application/x-bzip2"
             description="Bzip 2 UNIX Compressed File">
    <ext>bz2</ext>
    <ext>tbz2</ext>
    <magic offset="0" type="byte" value="425a683931"/>
  </mime-type>

  <mime-type name="application/x-bcpio">
    <ext>bcpio</ext>
  </mime-type>

  <mime-type name="application/x-cdlink"
           description="Virtual CD-ROM CD Image File">
    <ext>vcd</ext>
  </mime-type>

  <mime-type name="application/x-chess-pgn"
             description="Portable Game Notation (PGN)">
    <ext>pgn</ext>
    <magic offset="0" value="5b4576656e742022"/>
  </mime-type>

  <mime-type name="application/x-cpio"
             description="UNIX CPIO Archive">
    <ext>cpio</ext>
    <magic oofset="0" type="byte" value="3037303730"/>
  </mime-type>

  <mime-type name="application/x-csh"
             description="UNIX csh Shell Script">
    <ext>csh</ext>
  </mime-type>

  <mime-type name="application/x-director"
             description="Shockwave Movie">
    <ext>dcr</ext>
    <ext>dir</ext>
    <ext>dxr</ext>
  </mime-type>

  <mime-type name="application/x-dosexec"
             description="DOS/Windows executable (EXE)">
    <ext>exe</ext>
    <magic offset="0" value="MZ"/>
  </mime-type>

  <mime-type name="application/x-dvi"
             description="TeX Device Independent Document">
    <ext>dvi</ext>
    <magic offset="0" type="byte" value="02f7"/>
    <magic offset="14" type="byte" value="1b20546558206f757470757420"/>
  </mime-type>

  <mime-type name="application/x-futuresplash"
             description="Macromedia FutureSplash File">
    <ext>spl</ext>
  </mime-type>

  <mime-type name="application/x-gtar"
             description="GNU tar Compressed File Archive (GNU Tape Archive)">
    <ext>gtar</ext>
  </mime-type>

  <mime-type name="application/x-gzip"
             description="Gzip Compressed Archive">
    <ext>gz</ext>
    <ext>tgz</ext>
    <magic offset="0" type="byte" value="1f8b"/>
  </mime-type>

  <mime-type name="application/x-hdf"
             description="Hierarchical Data Format File">
    <ext>hdf</ext>
    <magic offset="0" type="byte" value="0e031301"/>
  </mime-type>

  <mime-type name="application/x-javascript"
           description="JavaScript Source Code">
    <ext>js</ext>
  </mime-type>

  <mime-type name="application/x-kword"
             description="KWord File">
    <ext>kwd</ext>
    <ext>kwt</ext>
  </mime-type>

  <mime-type name="application/x-kspread"
             description="KSpread File">
    <ext>ksp</ext>
  </mime-type>

  <mime-type name="application/x-kpresenter"
             description="KPresenter File">
    <ext>kpr</ext>
    <ext>kpt</ext>
  </mime-type>

  <mime-type name="application/x-kchart"
             description="KChart File">
    <ext>chrt</ext>
  </mime-type>

  <mime-type name="application/x-killustrator"
             description="KIllustrator File">
    <ext>kil</ext>
  </mime-type>

  <mime-type name="application/x-koan"
             description="SSEYO Koan File">
    <ext>skp</ext>
    <ext>skd</ext>
    <ext>skt</ext>
    <ext>skm</ext>
  </mime-type>

  <mime-type name="application/x-latex"
             description="LaTeX Source Document">
    <ext>latex</ext>
  </mime-type>

  <mime-type name="application/x-netcdf">
    <ext>nc</ext>
    <ext>cdf</ext>
  </mime-type>

  <mime-type name="application/x-ogg"
             description="Ogg Vorbis Codec Compressed WAV File">
    <ext>ogg</ext>
    <magic offset="0" type="byte" value="4f67675300020000000000000000"/>
    <!-- or "OggS" string -->
  </mime-type>

  <mime-type name="application/x-rar-compressed"
             description="Rar">
    <ext>rar</ext>
    <magic offset="0" type="byte" value="526172211a"/>
  </mime-type>

  <mime-type name="application/x-rpm"
             description="RedHat Package Manager">
    <ext>rpm</ext>
    <magic offset="0" type="byte" value="edabeedb"/>
  </mime-type>

  <mime-type name="application/x-sh"
             description="UNIX/LINUX Shell Script">
    <ext>sh</ext>
  </mime-type>

  <mime-type name="application/x-shar"
             description="UNIX shar Archive File">
    <ext>shar</ext>
  </mime-type>

  <mime-type name="application/x-shockwave-flash"
             description="Macromedia Flash Format File">
    <ext>swf</ext>
    <magic offset="0" value="FWS"/>
  </mime-type>

  <mime-type name="application/x-stuffit"
             description="StuffIt Compressed Archive File">
    <ext>sit</ext>
    <magic offset="0" value="StuffIt (c)1997-"/>
    <magic offset="0" value="SIT!"/>
  </mime-type>

  <mime-type name="application/x-sv4cpio">
    <ext>sv4cpio</ext>
  </mime-type>

  <mime-type name="application/x-sv4crc">
    <ext>sv4crc</ext>
  </mime-type>

  <mime-type name="application/x-tar"
             description="Tape Archive File">
    <ext>tar</ext>
    <magic offset="257" value="ustar"/>
  </mime-type>

  <mime-type name="application/x-tcl"
             description="Tcl (Tool Command Language) Language Script">
    <ext>tcl</ext>
  </mime-type>

  <mime-type name="application/x-tex"
             description="LaTeX Source">
    <ext>tex</ext>
  </mime-type>

  <mime-type name="application/x-texinfo">
    <ext>texinfo</ext>
    <ext>texi</ext>
  </mime-type>

  <mime-type name="application/x-troff"
             description="Roff/nroff/troff/groff Unformatted Manual Page (UNIX)">
    <ext>t</ext>
    <ext>tr</ext>
    <ext>roff</ext>
  </mime-type>

  <mime-type name="application/x-troff-man"
             description="Manual">
    <ext>man</ext>
  </mime-type>

  <mime-type name="application/x-troff-me"
             description="Formatted Manual Page with ME Macros">
    <ext>me</ext>
  </mime-type>

  <mime-type name="application/x-troff-ms"
             description="Formatted Manual Page with MS Macros">
    <ext>ms</ext>
  </mime-type>

  <mime-type name="application/x-ustar"
             description="POSIX tar Compressed Archive">
    <ext>ustar</ext>
  </mime-type>

  <mime-type name="application/x-wais-source">
    <ext>src</ext>
  </mime-type>

  <mime-type name="application/zip"
             description="Compressed Archive File">
    <ext>zip</ext>
    <magic offset="0" value="PK"/>
  </mime-type>


  <!--
     !   Audio primary type
     ! -->

  <mime-type name="audio/basic"
             description="uLaw/AU Audio File">
    <ext>au</ext>
    <ext>snd</ext>
    <magic offset="0" type="byte" value="2e736e64000000"/>
  </mime-type>

  <mime-type name="audio/midi"
             description="Musical Instrument Digital Interface MIDI-sequention Sound">
    <ext>mid</ext>
    <ext>midi</ext>
    <ext>kar</ext>
    <magic offset="0" value="MThd"/>
  </mime-type>

  <mime-type name="audio/mpeg"
             description="MPEG Audio Stream, Layer III">
    <ext>mp3</ext>
    <ext>mp2</ext>
    <ext>mpga</ext>
    <magic offset="0" value="ID3"/>
  </mime-type>


  <mime-type name="audio/x-aiff"
             description="Audio Interchange File">
    <ext>aif</ext>
    <ext>aiff</ext>
    <ext>aifc</ext>
    <magic offset="0" type="byte" value="464f524d00"/>
  </mime-type>

  <mime-type name="audio/x-mpegurl"
             description="MP3 Playlist File">
    <ext>m3u</ext>
    <magic offset="0" type="byte" value="234558544d33550d0a"/>
  </mime-type>

  <mime-type name="audio/x-pn-realaudio"
             description="RealMedia Metafile">
    <ext>ram</ext>
    <ext>rm</ext>
    <magic offset="0" type="byte" value="2e524d460000001200"/>
  </mime-type>

  <mime-type name="audio/x-pn-realaudio-plugin"
             description="RealMedia Player Plug-in">
    <ext>rpm</ext>
  </mime-type>

  <mime-type name="audio/x-realaudio"
             description="RealMedia Streaming Media">
    <ext>ra</ext>
    <magic offset="0" type="byte" value="2e524d460000001200"/>
  </mime-type>

  <mime-type name="audio/x-wav"
             description="Waveform Audio">
    <ext>wav</ext>
    <magic offset="0" value="RIFF"/>
  </mime-type>


  <!--
     !   Chemical primary type
     ! -->

  <mime-type name="chemical/x-pdb"
             description="Brookhaven Protein Databank File">
    <ext>pdb</ext>
  </mime-type>

  <mime-type name="chemical/x-xyz"
             description="XMol XYZ">
    <ext>xyz</ext>
  </mime-type>


  <!--
     !   Image primary type
     ! -->

  <mime-type name="image/bmp"
             description="Windows OS/2 Bitmap Graphics">
    <ext>bmp</ext>
    <magic offset="0" value="BM"/>
  </mime-type>

  <mime-type name="image/gif"
             description="Graphic Interchange Format">
    <ext>gif</ext>
    <magic offset="0" value="GIF8"/>
  </mime-type>

  <mime-type name="image/ief"
             description="Image Exchange Format">
    <ext>ief</ext>
  </mime-type>

  <mime-type name="image/jpeg"
             description="JPEG/JIFF Image">
    <ext>jpg</ext>
    <ext>jpeg</ext>
    <ext>jpe</ext>
    <magic offset="0" type="byte" value="ffd8ff"/>
  </mime-type>

  <mime-type name="image/photoshop"
             description="Photoshop Format">
    <ext>psd</ext>
    <magic offset="0" value="8BPS"/>
  </mime-type>

  <mime-type name="image/png"
             description="Portable Network Graphic">
    <ext>png</ext>
    <magic offset="0" type="byte" value="89504e470d0a1a"/>
    <!-- 89504e470d0a1a0a0000000d49484452 -->
  </mime-type>

  <mime-type name="image/vnd.djvu"
             description="DjVu File">
    <ext>djvu</ext>
    <ext>djv</ext>
  </mime-type>

  <mime-type name="image/vnd.wap.wbmp"
             description="Wireless Bitmap File Format">
    <ext>wbmp</ext>
  </mime-type>

  <mime-type name="image/xcf"
             description="GIMP Image File">
    <ext>xcf</ext>
    <magic offset="0" value="gimp xcf "/>
  </mime-type>

  <mime-type name="image/x-cmu-raster"
             description="Cals Raster File">
    <ext>ras</ext>
  </mime-type>

  <mime-type name="image/x-portable-anymap"
             description="PBM Portable Any Map Graphic Bitmap">
    <ext>pnm</ext>
    <!--magic offset="0" type="byte" value="50360a"/-->
  </mime-type>

  <mime-type name="image/x-portable-bitmap"
             description="UNIX Portable Bitmap Graphic">
    <ext>pbm</ext>
    <magic offset="0" type="byte" value="50340a"/>
    <magic offset="0" value="P1"/>
    <magic offset="0" value="P4"/>
  </mime-type>

  <mime-type name="image/x-portable-graymap"
             description="Portable Graymap Graphic">
    <ext>pgm</ext>
    <magic offset="0" type="byte" value="50350a"/>
    <magic offset="0" value="P2"/>
    <magic offset="0" value="P5"/>
  </mime-type>

  <mime-type name="image/x-portable-pixmap"
             description="PBM Portable Pixelmap Graphic">
    <ext>ppm</ext>
    <magic offset="0" value="P3"/>
    <magic offset="0" value="P6"/>
  </mime-type>

  <mime-type name="image/x-rgb"
             description="Silicon Graphics RGB Bitmap">
    <ext>rgb</ext>
    <magic offset="0" type="byte" value="01da01010003"/>
  </mime-type>

  <mime-type name="image/x-xbitmap"
             description="X Bitmap Graphic">
    <ext>xbm</ext>
  </mime-type>

  <mime-type name="image/x-xpixmap"
             description="X Picsmap Graphic">
    <ext>xpm</ext>
  </mime-type>

  <mime-type name="image/x-xwindowdump"
             description="X Windows Dump">
    <ext>xwd</ext>
    <magic offset="0" type="byte" value="000000"/>
  </mime-type>


  <!--
     !   Message primary type
     ! -->

  <mime-type name="message/news">
    <magic offset="0" value="Path:"/>
    <magic offset="0" value="Xref:"/>
    <magic offset="0" value="Article"/>
  </mime-type>

  <mime-type name="message/rfc822">
    <magic offset="0" value="Relay-Version:"/>
    <magic offset="0" value="#! rnews"/>
    <magic offset="0" value="N#! rnews"/>
    <magic offset="0" value="Forward to"/>
    <magic offset="0" value="Pipe to"/>
    <magic offset="0" value="Return-Path:"/>
    <magic offset="0" value="From:"/>
    <magic offset="0" value="Message-ID:"/>
    <magic offset="0" value="Date:"/>
  </mime-type>


  <!--
     !   Model primary type
     ! -->

  <mime-type name="model/iges"
             description="Initial Graphics Exchange Specification Format">
    <ext>igs</ext>
    <ext>iges</ext>
  </mime-type>

  <mime-type name="model/mesh">
    <ext>msh</ext>
    <ext>mesh</ext>
    <ext>silo</ext>
  </mime-type>

  <mime-type name="model/vrml"
             description="Virtual Reality Modeling Language">
    <ext>wrl</ext>
    <ext>vrml</ext>
  </mime-type>


  <!--
     !   Text primary type
     ! -->

  <mime-type name="text/css"
             description="Cascading Style Sheet">
    <ext>css</ext>
  </mime-type>

  <mime-type name="text/html"
             description="Hypertext Markup Language (HTML)">
    <ext>htm</ext>
    <ext>html</ext>
    <magic offset="0" value="&lt;HEAD"/>
    <magic offset="0" value="&lt;head"/>
    <magic offset="0" value="&lt;TITLE"/>
    <magic offset="0" value="&lt;HEAD"/>
    <magic offset="0" value="&lt;!doctype html"/>
    <magic offset="0" value="&lt;!DOCTYPE HTML"/>
    <magic offset="0" value="&lt;html"/>
    <magic offset="0" value="&lt;HTML"/>
    <magic offset="0" value="&lt;H1"/>
    <magic offset="0" value="&lt;h1"/>
  </mime-type>

  <mime-type name="text/plain"
             description="Text File">
    <ext>asc</ext>
    <ext>txt</ext>
  </mime-type>

  <mime-type name="text/richtext"
             description="Rich Text Document">
    <ext>rtx</ext>
  </mime-type>

  <mime-type name="text/rtf"
             description="Rich Text Format File">
    <ext>rtf</ext>
    <magic offset="0" value="{\rtf"/>
  </mime-type>

  <mime-type name="text/sgml"
             description="Standard Generalized Markup Language Document">
    <ext>sgml</ext>
    <ext>sgm</ext>
  </mime-type>

  <mime-type name="text/tab-separated-values"
             description="Tab Separated Values File">
    <ext>tsv</ext>
  </mime-type>

  <mime-type name="text/vnd.wap.wml"
             description="Wireless Markup Language File">
    <ext>wml</ext>
  </mime-type>

  <mime-type name="text/vnd.wap.wmlscript"
             description="WML Script">
    <ext>wmls</ext>
  </mime-type>

  <mime-type name="text/xml"
             description="Extensible Markup Language File">
    <ext>xml</ext>
    <ext>xsl</ext>
    <magic offset="0" value="&lt;?xml"/>
  </mime-type>

  <mime-type name="text/x-setext"
             description="Setext (Structure Enhanced Text)">
    <ext>etx</ext>
  </mime-type>


  <!--
     !   Video primary type
     ! -->

  <mime-type name="video/mpeg"
             description="MPEG Movie Clip">
    <ext>mpg</ext>
    <ext>mpeg</ext>
    <ext>mpe</ext>
    <magic offset="0" type="byte" value="000001b3"/>
    <magic offset="0" type="byte" value="000001ba"/>
  </mime-type>

  <mime-type name="video/quicktime"
             description="QuickTime Video Clip">
    <ext>mov</ext>
    <ext>qt</ext>
    <magic offset="4" value="moov"/>
    <magic offset="4" value="mdat"/>
  </mime-type>

  <mime-type name="video/vnd.mpegurl">
    <ext>mxu</ext>
  </mime-type>

  <mime-type name="video/x-msvideo"
             description="Audio Video Interleave File">
    <ext>avi</ext>
    <magic offset="8" type="byte" value="41564920"/>
  </mime-type>

  <mime-type name="video/x-sgi-movie"
             description="QuickTime Movie">
    <ext>movie</ext>
  </mime-type>

  <mime-type name="video/x-ms-wmv"
             description="Windows Media Video">
    <ext>wmv</ext>
    <magic offset="0" type="byte" value="3026B2758E66CF11A6D900AA0062CE6C" />
  </mime-type>


  <!--
     !   X-Conference primary type
     ! -->

  <mime-type name="x-conference/x-cooltalk"
             description="Cooltalk Audio">
    <ext>ice</ext>
  </mime-type>
  
</mime-types>
